"y","x1","x2","x3"
17134.3020876259,50.3899728367151,200.347091480681,"C"
17707.2386884162,57.1159226987612,199.745366793522,"C"
15887.1413622991,55.3148412388324,200.961109492727,"B"
12694.9123922373,43.5295615224622,193.130283291716,"B"
16671.0747908704,45.850870977191,199.21635324059,"A"
17048.400091226,52.6658999276657,195.137332615228,"B"
15688.5847512252,48.2995414810583,201.965165487828,"C"
13964.3769410457,42.6115393520938,200.038958528618,"A"
14277.7660632397,44.2413138932194,204.137358240352,"A"
10385.9751844963,44.035956602401,202.058655900701,"A"
14784.3361192241,48.5633502645697,197.589023971231,"A"
16909.8242336664,49.687533846631,202.452390087845,"C"
15369.2607789112,52.8165512196229,203.348581767397,"C"
19665.9018264532,68.2252043441038,201.452475978814,"B"
11565.2880056098,33.5534645672211,199.779644523562,"B"
16154.9962825658,50.9781220826027,200.161784312415,"C"
12968.5799286313,47.5874507742663,195.44659301033,"B"
14959.0646522528,52.999168543641,195.214091173961,"B"
17924.8056403754,52.6737603132702,196.831506851621,"A"
19357.9872178801,60.7110951815843,205.404360385243,"B"
16658.3226040635,49.369882344401,206.621780704725,"C"
17056.2793767843,55.8076834962775,198.763425411578,"B"
18490.244839486,54.8005867148061,201.797363215426,"B"
14147.1061214102,45.8795649706985,193.603883994994,"A"
15127.8228813836,48.1590291668862,203.930598279512,"A"
13839.2778707535,48.0828607147902,201.69392496297,"A"
16613.4066673608,52.4959827084507,199.534963980821,"B"
12373.9618721634,40.5703750914327,202.177469631724,"A"
18521.9413362209,57.4035811791573,209.292249479575,"B"
13213.4540763722,44.9530370845545,200.602177171363,"B"
16830.4968382352,49.8773206698126,202.395259530567,"B"
15962.5737101792,45.693885450118,197.784151199539,"B"
12529.6739865913,42.6335742863112,200.834354303742,"A"
15671.331844545,49.8866041047887,203.627756154573,"A"
15923.9946136076,58.9934929709619,198.00137305921,"B"
17474.6817682558,49.3952077657704,200.57072895171,"B"
13882.4366779773,49.3720987276462,199.065490179248,"B"
12060.5777050944,41.9585064151007,195.288233235344,"B"
15949.1411970183,50.1713448374103,210.325481887401,"B"
15153.7392186839,54.3082596798879,199.799766575208,"A"
16349.1213849894,50.1821832651541,208.958929734759,"A"
14686.8691425654,48.9507118281364,198.860153731627,"B"
12700.1199121138,43.1652972220108,199.409077844427,"B"
15934.6176340755,49.5740691308677,201.141876626643,"C"
14227.2894877273,56.977428001734,199.914976595851,"C"
15501.3239821497,50.4614935475891,196.634226602344,"B"
15148.3853778962,51.370799103126,196.991530190213,"C"
17636.6807670649,57.8456754782044,199.33127584801,"C"
16100.9208791528,49.2403257019925,207.26763444169,"B"
16761.6591941248,56.4784252155939,199.383251937304,"C"
16264.7233927721,50.3561969269212,203.90720926593,"A"
15502.6482369216,49.0394825929455,205.155072303849,"C"
11319.6038470062,37.9490713679218,192.881134236288,"B"
14318.1250501317,39.0890983273728,193.146395863633,"B"
11493.0158681697,44.9755579150328,203.676925141622,"C"
15006.3308075446,49.4414105724963,204.088774069286,"B"
14908.8867435304,55.9177775913203,202.083824345359,"A"
18840.3453590632,59.8336425353121,205.258783749155,"C"
15478.650261969,43.5668048820274,203.782156502881,"A"
14474.8164627521,55.4912892199797,203.506671515738,"A"
16998.3641293309,50.2392683431186,199.761995212049,"C"
17212.6142650567,53.5238607010567,206.923723111952,"B"
18592.5328185932,53.1754329422718,205.906489972608,"C"
14251.0725991966,44.8315951398427,205.231421428737,"B"
17482.8938202845,61.2535956329315,200.745616504137,"A"
14933.5436292201,51.8114582510484,195.021382415551,"B"
15301.8715172163,54.3831014976466,203.086481333776,"C"
14820.9692702408,45.9787232143362,202.69160900078,"B"
18554.6467484192,55.4218737232055,201.208840311105,"A"
14586.4975374714,44.6623605543137,197.140797787391,"C"
16631.2471032867,51.9269254977972,200.116084559464,"B"
11130.452224756,43.0690770497265,198.839422592984,"A"
17394.4816010708,50.5007212820944,199.013385531432,"C"
16895.6644512561,52.3781464208061,204.816853585498,"A"
18971.9323118318,58.3110184872395,200.420648544281,"C"
16506.8675072542,49.8084490491061,199.907631156357,"B"
14650.4743517167,47.2029457895663,196.140121416323,"A"
15643.2569528894,49.9137472095283,200.204626129767,"A"
12404.3491907468,43.782780229047,199.187805587701,"C"
23923.8651428027,67.4537528074506,199.838302590639,"B"
16180.2270448328,48.5116255544299,200.398283884418,"B"
17026.419391361,46.3835866400985,204.108034422128,"C"
14818.9082867902,45.5548963884343,202.2618527762,"A"
16675.8962498135,52.2609588751068,203.545021679477,"A"
18053.9705160007,50.2458397673212,205.110136394155,"C"
14830.6313552094,49.0965394171717,198.996833298698,"A"
17160.8013967562,51.7457556533802,207.457831398484,"A"
16567.79240781,54.8332990604271,199.736299323729,"B"
16608.0006659453,55.965304515376,203.474825232036,"C"
11521.7313795458,39.221251622431,202.381287722126,"C"
14572.4237880208,49.1945430548845,192.235904542624,"A"
15884.7416868793,53.3682813515174,200.125588724476,"B"
14080.3636217805,48.0621900408436,199.785574764031,"A"
12853.4729614881,36.6205363490417,193.575084933122,"B"
15244.4508354026,51.8089221878133,199.998243586948,"B"
18028.756730831,52.6064559733381,196.946717562243,"C"
16317.9690674559,53.2981210632929,193.633990578192,"B"
16353.9764670384,48.1074936561282,199.710335264675,"B"
20288.9972058686,66.6394230780933,208.514656079363,"B"
13898.8998402099,44.0423626623422,196.229533343753,"C"
18319.1559695737,52.6501965568019,209.463789580178,"C"
12445.1808250584,43.1797073208111,199.378254841727,"A"
14174.3465599711,48.2343419850534,206.855060606413,"C"
16770.5996025865,51.8957605832228,201.027544246373,"C"
13942.4983619158,51.9854047116298,198.164142072776,"A"
13475.5996266003,50.0686110471085,185.04524700884,"B"
16842.5803267855,53.0220608160001,207.507652280633,"C"
14131.2271425931,50.9131396995348,197.647290086471,"B"
19786.3527217505,63.2056511998139,198.783577227072,"C"
13175.5734735337,51.4177828586115,203.971941792451,"A"
15259.9441166517,49.3527845174834,208.075825806933,"A"
13861.6911841542,45.9595866761931,203.756670899869,"B"
12867.3685270046,45.3948322807681,201.529296818573,"A"
14993.5806163193,46.8500739023116,200.508560113155,"A"
14948.1010802914,44.4736574210026,200.078096571277,"C"
15926.2474513089,50.9334737054003,199.558275395884,"B"
16996.1102553037,47.1705297496502,195.931023227699,"A"
13728.25644282,49.0855196769753,200.284725206934,"A"
14928.1165202789,53.1972012289073,193.654510522538,"C"
15395.4957621298,50.0634708030574,200.486333623488,"B"
16416.9647088163,49.8167641973421,201.116437202804,"B"
13412.1313836059,44.6250157412252,198.63754486585,"B"
14957.8600794538,52.0224634204683,197.730138428756,"B"
13693.630725761,48.3928305614926,199.097483906638,"B"
19181.4503679152,53.3514936748272,202.270123816742,"B"
13988.2093447439,50.6909189536418,196.552409472946,"A"
15274.1590925716,48.7340437356642,201.956702093658,"B"
18543.2819060555,55.0569358534861,201.293249638507,"A"
10777.6644108435,34.0199722896039,194.456531676447,"B"
17502.9690212149,48.6924804374238,195.800051305925,"B"
16041.5093678699,51.2921905452938,198.874369680584,"A"
14463.3870585286,49.2245518899269,200.188414697445,"B"
17202.6819278574,51.8267696501123,200.369704013966,"B"
16540.8868240766,55.9337909565026,198.537266430022,"B"
17598.716137516,61.0234830957786,199.415834657481,"B"
16610.8843809919,50.7742717702775,199.296062493724,"C"
14228.7799091374,42.4001216582384,203.234599720696,"A"
16027.8916037952,46.8884833217964,207.114926936415,"B"
16558.0429463323,53.0410453965672,196.218427033659,"B"
14334.9014296744,51.8714439111241,202.40623260836,"A"
14994.148691424,49.3517357090379,193.606024760441,"B"
17755.1393133582,55.5737654365107,197.927671215836,"C"
15297.7094516363,51.4192150861602,200.704838168704,"B"
13945.824336333,42.6571038125572,199.933053906557,"A"
16324.262928586,54.703511745927,196.714819711626,"A"
16278.6774876433,51.4254898375042,199.060048372196,"A"
14726.2985604599,45.9839244512729,196.607893947414,"C"
16906.7029039026,58.1460254725351,197.516628111847,"C"
11476.3110071422,36.5107488155072,203.437648590998,"A"
15943.7245728893,48.8192022373664,199.131873398432,"B"
15918.6130708636,50.0601079245079,194.565562395042,"A"
18330.6826399726,52.7810302537661,201.416173007216,"A"
15388.2343875536,46.5028022699302,201.078348814117,"C"
15010.2524643819,44.0782903107078,203.883956982391,"A"
17407.0727252672,51.0775212625617,197.958891238318,"B"
14837.5209931901,51.8067551827324,198.236134362542,"B"
16430.7820466618,51.4242461498192,202.720281519751,"C"
16203.5246483315,58.5760883659537,195.756480914306,"A"
17094.8795340758,54.0582144023754,208.169298599005,"B"
18323.0874727831,54.3068050058355,201.945278575129,"C"
14743.3317858394,48.737402991865,198.196896428065,"A"
15690.9239197104,56.5938174044965,191.084631168105,"B"
15871.8761281411,52.043647477531,196.09757925106,"B"
15894.3371729362,51.1571104044326,199.999173141791,"C"
14258.1514090877,46.5345397769828,203.808250444052,"B"
13911.9241832317,48.6331661615017,202.912988298146,"C"
12989.0083784744,47.9959905118459,193.585418093822,"B"
21280.6890831664,70.3887320930957,200.555112678096,"A"
12106.2316426721,39.1124721863488,193.007366087467,"A"
15608.9368553441,53.516318927079,199.035784033962,"B"
17408.3318894948,51.9680420732274,206.422706091576,"C"
16451.0352935353,48.4798182808858,198.46658046794,"C"
20600.4817419158,62.2307717184072,201.926617896994,"A"
17439.9387335397,51.8244914897298,197.33445607964,"B"
20258.4302421135,60.9644644801907,203.642179353982,"A"
15771.2063845412,51.2681073140298,193.196424369181,"C"
14665.9952416747,48.8281201384112,194.967017608863,"B"
16621.2997651957,47.2393548591765,203.920027636358,"A"
12779.7534215023,36.128672735265,190.94337165683,"A"
14335.2246426772,53.7270504149088,203.204156168177,"A"
15477.2920698636,50.7811351913186,199.175760260372,"A"
14674.7430622987,47.4646768626629,199.878516694647,"C"
17296.5006488498,63.0518589205208,199.216650679974,"B"
14433.0311882671,41.0489017149323,206.023259767459,"A"
16137.5998212112,57.8368286962172,197.214391299515,"C"
12315.1095207482,49.2566037892001,187.647859948621,"B"
12936.1794891167,40.9733242129185,204.929264020332,"B"
15470.6202469572,45.8104944464383,200.829330227997,"C"
9303.84897612985,32.4562760351484,191.092417616224,"C"
17999.2323090643,50.7445691122406,202.37190041508,"A"
15005.2092949286,49.0070264542966,198.48362403683,"A"
11256.0166079816,43.4269045326372,197.74061324074,"A"
11067.433760235,44.6658681026741,198.924863283902,"C"
13697.1370489753,44.7681409490328,201.825060385876,"C"
19670.075923465,60.736706490893,198.000836035723,"C"
16626.4788750718,51.893228174541,201.23639031928,"C"
20758.8254198684,62.0491959751903,204.666686912283,"B"
14451.9058892591,48.3256374389778,198.402054658176,"B"
14139.102737156,45.4536901295804,197.046672794368,"C"
15752.2092923609,49.4693097468039,204.940547554704,"A"
13546.7670842538,50.9089434687752,199.17237298075,"A"
14647.3397772148,45.5827593200606,205.949057892279,"C"
14916.1176726334,49.0876783042998,200.079770052699,"A"
17376.6440233515,61.0384202531028,198.668474177799,"A"
19813.4817949617,52.2559906338064,199.371725498316,"A"
15776.9454746445,50.2359407058421,194.009850862499,"B"
11580.0356640829,40.8201250346535,200.582415373119,"C"
17656.138987974,56.4584250640795,197.738536605444,"C"
13498.2584470588,38.3857091888931,207.607070450157,"B"
14821.3235128369,55.7438704218163,198.458243387778,"A"
15354.6240020108,51.5645565022507,189.731439833612,"A"
14524.0469467483,46.3091998469959,204.3344775215,"C"
17405.9746006092,60.8592846673035,196.04960842386,"A"
16129.5964467855,45.9235125989379,201.046152789708,"B"
15822.7585693735,46.4483530168001,201.697831495721,"A"
14662.9200091853,51.0550922822764,194.758228209015,"A"
11412.0772996869,50.5859275824628,200.018544194282,"B"
21104.9015108431,60.5058269761956,200.413784321653,"A"
18722.3037921234,62.3288350595199,195.378318086516,"C"
11855.2646668856,43.3077094778966,198.509064278134,"A"
16960.6451808437,51.1660410999264,195.34896965684,"B"
15495.5329590446,47.338439241945,204.277682607262,"B"
15296.8599986487,51.268359023858,200.051295240423,"C"
8219.93290121419,28.0079323141579,194.233475284809,"C"
11228.1223002228,41.825977866397,202.091147050702,"C"
16872.9486385014,49.8548928920676,202.333981862211,"C"
14612.3801963062,46.2848587365198,197.620790963038,"B"
11925.3946088489,36.985301589758,199.747183496855,"B"
18387.1491113115,57.8404439328697,196.911878902136,"C"
14476.9605852943,48.0478659353558,199.630354655236,"A"
14620.2578502217,50.7849613617673,204.976349246817,"C"
17481.2492720635,48.9414209694837,199.206496766004,"A"
17311.5369074139,52.4939364674666,196.993875493816,"B"
19782.9958248195,59.3518664134946,204.830628647689,"B"
17037.0221117838,52.9011774663457,201.958974580097,"C"
14700.0193688732,51.0064293572952,187.605857263717,"A"
17344.6593617115,58.2118316318309,197.773887372426,"A"
17674.208439158,57.4475336257673,203.012862119196,"A"
14352.0303838742,43.7234971479843,209.182487755654,"B"
15560.3619280868,50.6572721401065,199.560131673382,"A"
13860.5741050314,49.6537237892324,186.698096667952,"C"
17336.507196714,50.5369932126574,201.996101522755,"C"
14826.8425520609,47.6492439471462,199.625665338003,"C"
16605.2060148096,50.7538064619581,198.825510173911,"C"
15849.6786452553,56.696992207607,203.698899341665,"A"
16376.6516038139,49.7310149472794,197.324207738978,"C"
16677.0004341889,53.5887019255476,201.340374636336,"C"
15137.0786171746,47.5185807641921,201.981961812417,"A"
16839.8943020946,53.405176882673,201.536042386521,"A"
13365.5402798989,48.7669650795492,200.712826174354,"A"
15623.7854285142,51.4881137220724,198.425386264213,"C"
14287.1959901654,53.816394487489,198.339025938319,"B"
14997.8778255944,46.3189633705551,197.366432962188,"B"
17208.1669997122,48.6873038030044,208.368185502467,"B"
12498.3556765875,49.5479894534719,199.344042871659,"A"
16106.9429797978,49.7864770337774,207.418347151713,"B"
16114.8304978403,53.249050406864,202.497696622151,"B"
17003.2271001874,48.9703147164509,199.658263416963,"A"
14409.4605113488,50.0729485325186,197.719418893281,"A"
15001.6876727416,44.9291517352592,202.439096976455,"A"
16092.421734041,51.6580835164936,203.012137447605,"A"
15607.5080376523,51.4710286283138,200.371233098319,"B"
12005.2263819313,39.9007333550342,204.841232972677,"A"
16836.1736367161,53.9865196894212,198.187104283127,"C"
14805.3848846016,48.5821157452648,196.425422744322,"B"
15872.3844381501,51.3918437199468,205.131529952642,"B"
15388.4759334077,44.8956180700208,198.357105334566,"A"
16451.5047913909,52.8086161940364,195.923698659267,"C"
14634.2160478242,49.1054391652574,195.788573798932,"C"
13891.3997650934,48.1908928349618,198.923839713893,"B"
17229.6051610008,51.2314686629022,197.731915480555,"B"
16584.0527290783,51.5121230397193,204.643690805174,"B"
14069.6643147911,51.0167218957768,199.184950029569,"C"
13905.164710625,44.1464732601306,205.381469940613,"A"
18351.7522852943,60.7000451349641,200.956437184866,"B"
16196.8825210068,50.0218168253084,202.912415370965,"A"
13936.362315456,45.8214052438499,203.669626249015,"A"
13528.7027003704,40.6470122496951,203.192134734479,"A"
17374.9359899332,49.2585197226602,206.286223965976,"C"
18078.0556196051,59.7943085351704,203.365352791316,"B"
16872.9941003185,50.4786941442509,207.900283820775,"B"
13264.450919913,47.3867240462177,200.504109041607,"C"
15166.1564807026,49.0473928858285,198.05067403349,"A"
19526.3383702605,60.938984351937,203.581780075563,"A"
18404.8955831373,52.2153642859781,203.144869326623,"A"
14977.0924960021,49.0201368502024,198.574179818818,"C"
17292.1294708459,51.5002130160669,204.283861515582,"A"
14663.2465954175,46.77955630222,201.468869929274,"C"
13561.6420914785,42.7490895918997,200.475134915596,"B"
15918.0142902281,53.2434969059854,200.503863447204,"B"
14713.2466258667,51.5244817719366,188.046117377811,"B"
16076.2668045303,54.9022362648072,199.261841122782,"B"
18241.5789722624,53.9865322525122,195.948231694878,"A"
17760.6877324338,53.8636494840166,205.280307815614,"A"
14004.8141654973,44.8115464435256,196.3975836462,"C"
15306.860719609,47.34450223755,202.683178850918,"C"
14292.8967757604,45.6858056222998,201.317220887126,"B"
13900.3147180916,44.7831964337639,200.18905476745,"A"
10534.6027621054,39.7025597370823,201.937881599015,"C"
18117.5491697121,55.0245010592506,200.151865131049,"C"
16089.0809237807,52.6919458908064,196.682646120173,"B"
16351.3577392656,49.7926130055594,203.712655603161,"B"
16829.3364146673,45.7832933421298,198.641499284888,"B"
17388.8448887038,56.780776846577,200.878505826385,"A"
14850.5512182395,48.1848728230475,202.827831605546,"C"
16367.1157833144,51.1904288523879,195.681891066672,"B"
17440.843930916,50.0768277946133,198.739672368054,"B"
15679.5875683584,48.1901803405744,201.681548905634,"A"
14308.861154687,50.0948167865336,203.880674788795,"B"
16546.2171088058,54.5293709757586,200.15926590941,"B"
14916.5871661948,48.6345028728357,201.641298439592,"B"
13142.6495538327,36.611658806863,205.797670074345,"C"
14470.7971547988,50.7906119141546,198.479403859176,"C"
18671.8107826639,52.9403817166564,203.054107373711,"B"
14290.5380890442,50.2425444250981,199.843407306946,"C"
14172.153025631,48.7063786207569,197.35060754204,"C"
16610.1840408238,53.3995614681699,197.849020662788,"A"
15754.4154580716,48.4298184356014,201.991462367642,"B"
18101.1493716967,56.5363340420907,204.180526381649,"A"
15098.06160499,50.9475187037893,195.654488609764,"B"
16184.0054288396,50.7428482188537,196.241711556273,"A"
18250.8151088108,60.4437523131179,200.142212919826,"C"
15816.925412554,49.1437572056414,204.66150447133,"A"
15785.172934901,52.043429672154,195.846403551311,"A"
13342.2739044052,47.8941736447303,198.967757029725,"A"
15252.0944707016,48.38382196838,198.579868053586,"A"
15751.4406630189,51.5327444503171,200.147403444023,"B"
19201.5433579865,61.2072367242432,199.69256379737,"B"
18493.3077882152,64.6420118273279,197.797301698061,"B"
14388.7746117956,53.5231089803821,197.374976104085,"B"
14466.933648637,49.5656553529162,197.031308717844,"A"
18192.7495904359,56.4758991003861,198.032913043907,"A"
13496.2718502274,41.7007624926324,198.271489478323,"C"
13835.6134235788,42.3733054780022,206.644574442335,"B"
13242.3878502841,43.7091570879593,200.245085183242,"C"
14382.7960722994,46.909039501456,204.31614660945,"C"
16418.6988300848,50.514808425457,202.968870809336,"C"
15532.6220228412,49.8899485842782,196.198750729603,"A"
16968.127344018,55.2944673271914,200.804952820304,"A"
17299.6594565327,54.0539421901246,200.747571181271,"A"
13997.1031064838,49.2651082689603,200.064370969595,"C"
16179.7668545429,52.7739751247217,191.299582959408,"A"
14446.9180228378,51.8612319674429,197.971302954671,"C"
17874.2539961119,55.0184664440045,203.039449557214,"A"
14986.9023996946,52.079403473665,199.777722768723,"A"
14334.9447495654,50.3234967993774,198.348635894874,"B"
16236.3877015998,51.732125652463,204.446678953419,"A"
14679.0404244869,49.4476730034207,201.176476744891,"A"
13775.3463336298,49.0039352147095,203.605043159705,"C"
14677.3426473828,46.3864592171115,197.274001146867,"B"
15320.9882190658,50.9388281546287,201.382475697211,"B"
15929.3060314314,47.4108440604703,197.778699179701,"B"
18384.370010809,63.0030974593479,199.177878266681,"B"
17775.1760687493,55.3973410344802,205.518479714632,"B"
17543.3285407208,58.8165908905191,200.67259304988,"C"
15058.1274823874,51.3279541433539,191.575507702478,"B"
16580.8304079378,54.903369642881,195.465356516308,"B"
14447.2538150046,47.7310113073483,195.430239993053,"B"
10922.5828156535,30.0719558179067,203.309485388881,"A"
16988.9335998054,49.8382046799832,203.364752152112,"B"
15146.7536807715,50.0827775473531,203.365157490119,"B"
20178.1610877254,58.655441210881,198.542498523103,"C"
14892.2902217111,43.984301321452,198.706625503144,"A"
11316.4387727084,30.6394709307157,208.087636002382,"C"
13937.0223374427,39.5374782982013,200.135564913442,"A"
15166.9638630398,51.5739419810779,205.634463252778,"C"
14658.7834552716,50.6627658561201,201.158424218131,"B"
15234.5184628804,56.2564429236496,201.350649390308,"B"
11826.7690346291,38.4926431347648,198.231819530452,"A"
13350.8943356828,44.8771645881111,205.617350353098,"B"
13891.2418471334,49.2659824273427,202.075275503716,"C"
16020.0871868168,55.6338098600383,203.08625910636,"B"
15329.4354515085,49.0853431187338,200.118154117971,"B"
12330.0347588731,42.1326199770861,184.529585003704,"A"
14842.1257515478,50.483607290578,203.325615755037,"C"
17373.6223359311,50.5321588162019,206.71566932873,"B"
15165.0999847174,49.8651505416503,204.456048123227,"B"
17143.927042969,50.5715417687372,198.511575648453,"B"
11723.9437755884,43.2650557549871,196.472619814523,"C"
20672.4612805923,58.0216551300368,201.671931540483,"C"
17402.7718499157,50.0650199727796,198.435575675287,"B"
15842.3299734705,52.0014546740106,192.396380844204,"A"
14368.2875761375,45.8723900105288,201.168642389896,"A"
13101.4187285131,41.7687421583358,198.226619679229,"B"
11238.6999514662,50.2053930122723,199.517585102145,"A"
16492.0075724026,48.9493425682386,201.036530411322,"B"
13261.2035870993,43.6907028117018,199.50954551905,"C"
13694.5081128982,41.1417017693937,198.336017485752,"C"
17505.6640097856,56.1741864280484,200.090439212202,"B"
14605.8740384158,48.6662276748752,203.588424345285,"B"
14596.66042772,50.725884297981,198.338668134869,"A"
14940.6323050626,49.5760237676189,199.315913380751,"C"
14846.9473748903,50.4737913860877,197.959923895081,"C"
12143.2073998329,43.1705471529229,200.363430967285,"C"
16060.801096036,54.6619254432581,199.447153877681,"B"
15569.2623737367,48.0833922502513,201.631752891596,"A"
15905.5196784227,54.8677628416603,202.637763489817,"C"
11894.819740291,42.7923822083755,196.989816805274,"C"
13527.9473844877,47.4981951823964,190.874317891692,"A"
15187.9443560397,51.4119066667133,195.100267445077,"A"
15519.583794195,49.3675360598172,201.855676398925,"B"
15417.5197854936,52.2692148311503,201.028364368273,"A"
15855.01158674,48.1826893309103,198.159413955321,"C"
9262.78265042235,29.0494204081915,196.842489638098,"B"
14288.389862341,45.6722834864639,203.021493222314,"A"
16050.34921869,51.2613632148403,198.067797698723,"B"
16148.7695365267,50.0103584561958,206.186298540444,"B"
15690.1797674056,56.6476338140515,201.537781822755,"A"
15727.3934823458,53.5154236089376,197.074204110432,"B"
14801.0718136359,49.3975659947734,200.146605206263,"B"
15800.6776061735,51.622937307483,202.515919647634,"B"
14407.9086672335,52.032760738831,198.374122799051,"A"
11854.0458852915,42.7811937880201,198.485999399908,"A"
13292.8380692784,43.7878606225815,197.260325364182,"B"
17520.8866741403,49.7208082132367,202.258386237767,"C"
16002.8550236306,52.625409334416,198.747603348041,"A"
16219.793980561,53.424597420641,198.663794188612,"C"
18812.1350540823,62.2485634998461,198.662594126894,"C"
11735.5379139235,43.5167421833196,204.331765589223,"B"
14306.5870454104,47.5795586209105,198.568573088142,"A"
12454.0164101663,47.7052042857521,190.052302982695,"B"
12184.3328259166,44.5411082069701,197.713400578993,"A"
16324.2447850953,48.7762353415245,198.621415561413,"C"
14189.9438742026,48.5879060708378,191.633087174591,"A"
18475.3810394212,55.6243018117229,202.868852692669,"B"
14546.7596581917,48.5428306379524,199.135031522946,"C"
15610.7391345547,47.1748978958394,195.694963157924,"A"
17070.8900396604,53.0239629336997,200.016970508725,"A"
17997.3767000308,62.3308756207924,189.824414681074,"B"
12734.0071358915,52.1545292720738,199.455613917358,"C"
15447.2261695534,50.6165976930472,204.593879744256,"C"
17350.5179173466,57.1830057025936,196.560062139362,"A"
13175.9020626709,48.9638445391391,200.380441243402,"B"
15653.929953343,49.6483854193462,201.419366403477,"C"
15049.726333084,56.5806494224776,199.984182547564,"A"
13730.6102976093,51.1602398032856,191.244078496797,"B"
17164.7504827843,51.0742113023896,200.511145447856,"A"
15216.3342637624,42.4563033752985,198.06985562623,"C"
16423.4147203414,53.7603369131772,200.113551913295,"B"
14898.8881227768,54.100019155759,202.584324634113,"B"
14353.625352365,50.9749903990804,190.652231860964,"C"
18363.1313585423,56.1998416304942,196.88783054119,"A"
14547.9037228871,44.5128522484925,201.102990009496,"A"
19047.1076129973,59.8225438526978,198.278884308775,"A"
16433.5600033106,52.4692293391366,201.302856187953,"B"
13499.2761461406,50.8383825375579,182.061274950474,"B"
14591.5833670307,50.8090221615877,202.198277193297,"B"
14937.325792979,44.1668890847328,199.590758894362,"B"
11426.9254851408,35.4131341779815,205.689957368937,"B"
23133.9770938827,59.9330502287973,199.488320419087,"A"
17140.6125217919,51.3305394096381,203.579079590362,"C"
18324.3615851871,58.3241018953132,204.906372317191,"C"
13145.5645181149,40.8705962331453,198.479351194233,"A"
19406.3048914234,57.9403261007417,203.458400408554,"B"
16487.2975359236,49.7308503586117,202.050623090033,"A"
14506.104815493,49.5518092797948,193.145533450727,"A"
14974.4761957871,47.6353027872724,194.637204195669,"B"
16094.0554521692,51.4028497302139,203.934250378419,"A"
21086.2010717957,64.1398571538874,206.781778794254,"C"
16371.192129575,52.2709997066776,198.481753159091,"A"
14044.5289205876,49.5875270283639,201.025255530372,"B"
17446.187662816,52.3663089720037,199.843070171589,"C"
15971.0978604689,43.2839212040966,198.831211086075,"C"
17885.7789388127,54.9367035376668,208.284624287514,"A"
20144.5410949063,62.4662569467391,198.100661758528,"C"
14710.3713906386,48.1265457330132,206.607742187357,"B"
19014.3227898319,54.1107788829892,204.971141237271,"C"
14619.5089360691,46.4186813747172,200.691447807179,"A"
15179.2136844129,50.0093062657129,195.622914512205,"B"
16930.1104870832,51.572554599758,196.774839323843,"C"
16317.5462133034,50.7896980298393,208.694142216422,"B"
15896.7618740933,55.2581959854657,205.258470047547,"B"
15480.806145829,51.6488376210965,197.075581586255,"C"
17546.5272338577,57.3863964934158,203.534445564875,"C"
14217.9252349785,45.9741611065522,197.512108259467,"B"
14871.3711885401,50.5459355254707,193.725631587307,"A"
15937.0871747436,50.1014197204875,201.639131745791,"A"
21822.6917554928,65.8768683428429,199.355498359563,"B"
20259.959381435,59.4182366271192,199.814864352587,"B"
13468.6387960367,38.4699604411623,199.093433618603,"A"
17545.6440814694,50.5686852049295,201.823646180193,"C"
15261.3795378644,53.1548256764442,202.937530967972,"B"
16777.8977961515,51.9057017144386,200.684060252357,"B"
11176.900640393,31.9625532149614,208.70549152914,"C"
13881.2683712626,42.7400702999252,201.339795581695,"B"
15703.2654080725,52.2695029808779,203.338242750799,"B"
16067.6159749198,55.770179471805,195.264336376825,"A"
14490.3738358395,48.0757739981311,200.402844879716,"B"
13298.7441488234,45.3781327367541,195.703722725835,"A"
16982.5918835128,58.5990634593035,198.89214144618,"A"
15314.8679163955,48.6887718637767,204.601073415983,"B"
15818.0933223221,47.2367820711167,204.893818766842,"C"
17250.2783848507,57.8984149377081,200.648842610212,"C"
17085.7946057549,52.8495081873371,202.646019034933,"A"
13539.4806670003,45.0893237373325,200.156268948299,"B"
13753.8597574705,49.9822194884998,202.608684137976,"A"
17394.3765298906,55.0966532183382,200.316369967025,"B"
12929.1887298996,44.9940479116185,199.822595357142,"A"
17112.4155513493,52.2317046745439,202.857292877172,"B"
13882.9908683764,51.3684335827303,198.717083624323,"A"
16112.1524610698,51.3999826080103,194.588753816265,"B"
15811.2943683938,47.0727640836595,199.23839797054,"C"
15018.5136652261,45.5898064617698,198.652110705554,"A"
16313.4453805012,53.6123331729499,200.426940625462,"B"
14412.7842804916,44.984933137825,197.63413075098,"C"
16318.7588351613,49.0192114666938,196.715336133312,"B"
16235.8856495118,48.2687549390756,202.733703442432,"A"
11780.8318604944,42.870371962426,196.782886432681,"B"
16042.4818476284,56.9695617176114,190.307691523259,"B"
17310.0577818975,48.2569095962273,199.651316013343,"A"
13618.7306059996,51.5709704223106,193.635230352263,"A"
15992.730346535,49.2265390998461,201.92266174274,"B"
11618.0102285329,45.3224688694146,202.130432585145,"B"
20713.765551566,61.9308536907315,203.43740977149,"A"
13931.8318949013,55.0003805745255,198.169248702005,"A"
14265.2957018772,48.7235084539802,191.411296776659,"C"
13470.6659477619,47.3616947899598,204.578336791474,"B"
16685.9261344022,57.4454407096047,200.336402063166,"B"
20088.5516177794,65.0624804097271,197.718995796662,"C"
14008.5853475092,48.1823627610807,200.964866146153,"C"
14725.186002612,50.6257156129505,195.543870404305,"B"
13725.4456541637,36.0613186969404,205.518132801355,"A"
9915.09605815691,39.3101127174061,201.204805108712,"B"
11205.311200394,35.6656461510952,202.695941004302,"B"
11603.5291362007,45.7315447523137,200.016450490451,"C"
16483.8922325154,49.0674367556109,206.519335211123,"B"
16614.2466142604,48.2876064700398,202.115701376224,"B"
13854.1447889548,47.2349881334192,200.647556677622,"B"
15714.34414897,55.732078398368,195.170049015977,"B"
14157.0001992526,47.4206397925779,196.102061128007,"C"
14830.235828771,49.7021771628265,196.227825990282,"A"
11453.9763910426,44.9775739455804,208.380823668776,"B"
14702.9881321077,48.5858930437132,199.826201901287,"A"
17108.9445787896,52.228124825751,195.673134185185,"C"
13893.7964094699,45.2179231241,202.699991985662,"B"
15108.9690399645,48.6869535047045,198.660126323193,"A"
14044.0534133234,49.9310663715571,198.103500816971,"C"
10159.0268815272,34.4466338611176,202.965018140611,"B"
16698.9068461963,51.5831312136712,202.149084893468,"C"
16085.1603146973,49.0975768289001,198.18962060799,"B"
15443.4175929989,49.7297352331927,193.525304373425,"C"
16418.376346011,53.2578018358274,205.205386769163,"C"
18469.3593205915,61.6867072125428,200.06673558185,"B"
7873.22712367001,27.906827712096,205.019002805979,"B"
16436.8438616185,56.8983447507248,199.012983148335,"C"
15692.246008265,50.5063929370112,198.932391907528,"B"
17476.5461104323,52.5650784450704,195.129009966778,"C"
16546.0701821547,55.1451980364987,198.486209570953,"A"
10734.5648461834,36.3124989511495,197.883946495191,"A"
13928.3879055039,49.8850611500191,198.966732790227,"C"
14815.38324492,48.1216147229743,203.88488650155,"B"
13710.8390055147,44.0483210034446,197.004517394381,"A"
15236.1879410264,50.70791276338,200.144098031416,"B"
13593.5285213452,44.8261288241782,192.01726049576,"C"
11248.5672478856,44.0905545567684,201.519066760644,"C"
15185.5271407255,50.546331468302,188.843740021611,"A"
12644.3613867447,47.4953866171617,201.055167819432,"A"
23972.4484493603,67.8163151651103,202.38014605479,"A"
15804.604612676,51.3656718445074,198.23264113585,"A"
13074.3007582434,48.4104455625112,200.364526340139,"B"
16407.1171075539,51.7220030634307,206.461396622405,"B"
17293.735243576,56.405093787704,192.698584543569,"C"
19573.9103627113,57.8174311394907,200.676079935106,"A"
17435.8731667372,51.5552428476614,215.352197776446,"A"
15031.9080070554,42.6821781593952,203.384002558418,"B"
16704.405195126,49.8354865364432,204.503858572387,"A"
16254.1037341899,50.6561703782934,197.60551095544,"A"
15428.4246618573,49.1016323621128,199.495370676673,"C"
15927.3145488127,49.683718945503,203.555455704273,"C"
13626.4607576798,39.7455860424014,197.201602742071,"B"
15296.3495283842,50.4723707941829,206.715734767998,"B"
14134.7093477174,39.2299981602304,201.944553697468,"A"
16398.8006517305,54.6622934013416,202.370497238114,"B"
13528.730882647,45.3344966321798,204.14347964365,"C"
10368.69415372,42.694807154232,204.090949776789,"B"
15193.173606637,51.005450330281,197.090177765455,"B"
15169.3662639367,44.8644875303629,197.354647154011,"A"
11458.1852652278,42.8609816628363,201.886765646715,"A"
18518.7919467373,59.9303671774509,203.593970122488,"A"
15207.8207408061,49.2085207454489,201.353431858132,"C"
15387.5777564398,50.3150025567864,197.692987080139,"B"
19776.3114871733,58.934085971695,194.446738992995,"C"
16880.6008567193,58.0569673794288,199.037434487607,"C"
16320.5285454401,55.9604513956574,208.935788902624,"B"
17934.2734193592,47.4372205251605,201.847245432269,"C"
16944.0215058026,50.2901582096549,206.14523985583,"C"
16469.128984643,51.6650850955797,199.371673935924,"C"
19390.5153765766,64.0448860235299,199.916533406311,"B"
15803.5075341176,50.4901983602189,198.618055252464,"B"
15255.8239763283,48.1381110240546,201.466636118191,"C"
15244.8845124903,48.4189447194303,200.011557297066,"B"
14651.6519891861,47.8286925659006,198.908795912363,"B"
20749.9190041555,64.9865931481202,197.131719618748,"B"
13371.1721593502,48.5690057226296,192.567924900806,"B"
11394.2671006475,51.3989515843488,200.417791295761,"B"
16274.2352913049,50.6100123948248,211.516703598415,"B"
13684.6011710727,41.1844640229391,208.76074351278,"C"
11837.5068030966,38.5770912533709,205.109038241527,"B"
14811.7846838386,51.988209128847,196.127980198616,"A"
16189.3356741434,41.5560510193637,203.76597201971,"A"
14579.3553967368,49.6902538909137,193.567411979231,"C"
17483.1097700013,53.5938309409737,207.220826680438,"B"
9576.99742172314,34.0729504795893,201.015152583792,"A"
13479.5174265204,42.655851067109,197.087461321182,"C"
15835.5938537385,54.9176822449283,201.266229653485,"C"
16119.7269526635,47.9272804853748,198.848882405443,"B"
15629.6833548956,50.433532888123,199.706201229239,"A"
11080.885118522,37.2363652895587,199.576580020627,"B"
20018.3176299658,57.4355761474909,204.533332811958,"B"
12156.5705772833,43.3598620227342,202.350501377405,"B"
18866.4208316082,53.1472753523983,210.352008260501,"A"
14317.1338868963,46.5218218015652,199.450032314888,"B"
16851.9514502164,52.4659502270916,201.070989080819,"C"
18997.0355245456,56.5909772763652,200.33090226087,"C"
14135.1402028076,52.3113348011501,199.044678307539,"B"
13397.8678104862,48.8082890897186,195.192797891279,"A"
19974.149627173,59.707832618874,212.612261456305,"A"
16029.7995828878,54.8927582621269,199.474086660255,"B"
12903.692710702,39.7550530606608,201.522899104302,"B"
13170.055654798,37.3561463871233,201.254707860122,"C"
15631.5700469606,50.47027648339,197.842585743517,"C"
12432.025668243,40.8392652819388,198.213130122729,"C"
10528.7473166351,39.6565901441312,197.789899041546,"C"
15562.1620359506,51.5797755637006,201.287272906404,"A"
19521.8579981999,61.9970626926414,203.816585095854,"C"
16546.2955499549,51.0329205642208,203.923630844211,"B"
12296.3693175754,40.6150092585887,193.63137916476,"C"
12554.1007743641,42.3444607542525,196.127415356214,"B"
20303.3944486882,61.5423774443554,194.021267442692,"B"
15898.5651225971,44.1359888152305,196.063651093886,"B"
15936.3364790218,47.6507779357071,200.855922818726,"A"
15930.4642711457,49.6196431326365,193.124678896766,"B"
13900.9309978588,48.8420105378417,197.390014977518,"B"
19421.2930535237,61.4168143995117,213.813165535381,"A"
11428.1638560209,38.5000200507284,202.042866408771,"B"
16822.8442653659,49.7188209767366,205.241689556612,"B"
14357.0109622342,47.3198077083379,201.643936459749,"A"
18278.0894122004,59.0880098774037,193.854592159729,"A"
16853.0752299113,52.1657412473072,201.691972539844,"B"
16203.2999832214,55.8289911335868,199.571312326218,"A"
16178.1455049366,49.7414260815724,212.725629592205,"C"
18381.2491056189,61.4123976286937,199.592290087538,"B"
13550.3302535999,49.2976182078823,197.420082006846,"C"
18532.7998733862,52.6207883460503,205.627303379495,"A"
15893.8030639929,52.4783810835004,202.277845262586,"B"
15302.0014930846,47.8053259133176,200.620219236944,"C"
14456.6135069061,44.4641136471527,201.163893940801,"C"
10533.1272997656,40.8915476763781,199.665336002514,"A"
16866.0403992094,56.7213670420217,190.156252569604,"C"
14710.4712609944,49.8151835206804,198.350765281399,"B"
15636.8336437149,50.7503903489031,198.233947258218,"B"
12559.1084847627,41.7184785797828,202.621667950766,"C"
16619.9281993342,52.3505945091551,204.130500201327,"A"
22796.0629398345,72.2892825169362,199.531596077336,"A"
17940.5064133302,54.8885491997559,203.037262037055,"A"
14785.4975926198,47.9757395747305,200.83084560208,"B"
15852.1103120415,46.3896781468873,200.969481037533,"B"
18683.2805193883,61.38216521522,196.713438269719,"B"
15393.8194535819,50.6210669535785,198.8444979996,"C"
16123.5518445312,55.9609149023919,199.750200173599,"A"
16498.7630630129,51.9431979656805,195.345947557035,"C"
14246.9043983606,52.2365712447615,200.263111928812,"C"
13888.4146082612,47.5830502878352,200.224377503125,"B"
17315.2757322349,58.65398115494,196.14588715326,"B"
14565.804664997,52.5427433635532,199.401443921846,"B"
15191.2703456587,50.7192808324062,207.055623682767,"B"
15390.6338412447,50.3560823191161,201.457025996921,"A"
16706.6845732686,58.8566069738962,205.123511395172,"A"
16864.7827857946,51.710155443095,204.016697316179,"B"
13660.0517506113,42.6393023616302,196.240286300036,"A"
15934.289588432,50.5652719408171,204.882705408111,"C"
16685.4426824092,50.1071713311429,202.514993723765,"A"
16340.3804249351,51.0355774513727,199.526071725382,"A"
18862.5459751256,59.6567325995778,200.353702134961,"A"
18064.502637549,57.9444837901723,198.352796734908,"A"
15256.6070109631,47.6900254818676,205.01981626273,"A"
11004.7151058035,37.4087164870294,202.977571826841,"A"
21124.5986023318,60.296314019265,198.077186214789,"C"
16749.6993754923,47.5638128321141,202.051007443622,"B"
13928.8431262508,46.3981906160911,195.604427571904,"B"
16537.5496779383,50.6887239716619,206.357638713594,"B"
16904.4023994962,53.6537315969958,205.907127712238,"C"
11454.6809955909,37.605257783829,202.726468210339,"A"
18332.7120552704,56.102812610543,204.130477983637,"B"
16109.6708810521,48.3832340471468,197.079600231098,"A"
15650.459518937,49.8840936419359,205.997153497637,"A"
17158.9441702651,54.8867905777654,198.174050152877,"C"
13244.5886669241,47.4358910185409,199.681438720148,"B"
16829.350693488,52.3315603784362,204.639284217218,"B"
14758.1002397322,59.2067703904497,196.750427280037,"B"
14821.9989030556,47.8431386365736,195.722177205893,"C"
12563.6162532277,37.4133389369546,197.281642734497,"C"
12773.9912710455,43.1911007524667,196.817332027469,"B"
16149.6073571056,50.522837843897,202.954988342299,"A"
15547.5567020049,50.9164526850539,202.486390812341,"C"
15269.6955027207,48.6997674360351,197.21203500962,"B"
17273.4013561945,59.8540173283346,200.672882924195,"A"
16643.9448702792,51.8075188943336,202.879329999156,"A"
18645.0888021278,59.1594130064671,207.004243316207,"C"
16788.7676711758,52.2876656426542,199.959543428474,"C"
14647.096500105,50.2466871684542,194.279149020581,"C"
12537.2728683687,46.3380416312269,199.792804829491,"B"
15533.5895689611,48.3537371764452,201.038433346967,"B"
12596.4983489905,42.9520866132415,192.991025800612,"C"
13940.452277906,48.1869294060474,200.525695111115,"B"
14661.6663636486,50.4947347983062,198.559680560144,"C"
17071.4795655451,53.1933952317346,195.832276389083,"A"
16772.2215454845,60.6171534556418,202.021681234255,"C"
15269.3337433052,55.3300495233078,190.328761583489,"B"
16350.4534750746,61.4493103501558,202.848803260376,"B"
13996.2853650376,50.0022681300408,201.64486835796,"B"
11581.6960688589,43.1872907321187,193.490975850467,"B"
17122.7048544951,61.9874179365155,197.347313135845,"B"
11398.0468549541,37.9159901543972,198.843995685822,"A"
11385.8793293301,45.1105200108972,198.508387366506,"B"
16313.9730315159,48.7568096102735,194.411947499727,"A"
11731.2554668945,37.4133712661621,204.19488972506,"A"
14999.6676940585,45.6084777265951,200.737465016666,"B"
14572.6252803714,54.1548435616447,193.785844362359,"B"
16299.5769981143,56.1893996064397,197.272343393164,"B"
15590.6917537626,49.3973589630345,197.69512058554,"A"
12516.0004251139,45.3189164968855,200.868022282934,"C"
12842.895725339,42.1209844591643,196.450963774736,"C"
17046.6233317019,51.8844516729303,193.947034879862,"A"
13035.9260353711,47.9049245961825,198.56797679212,"C"
15021.0943408896,51.4290927351798,193.108491119755,"A"
17064.2383360395,44.3881804923635,203.775430609016,"A"
14917.68650115,46.265297329213,200.892520828547,"B"
17865.4500442454,56.786395944718,203.923457232367,"A"
14921.7235399345,53.2094911900822,198.742204435192,"B"
14530.121840607,47.2451659918338,197.175998957017,"C"
19221.9761387586,55.1290036045838,200.878432626273,"C"
19444.6596800071,63.7637708656924,200.988917696876,"C"
16136.4450222878,51.5736561926104,191.647085231898,"A"
14311.8204532519,45.6086415948091,196.970322549605,"C"
14152.6451188515,49.2283757033399,191.854668228221,"B"
14861.8991856187,45.1300659276903,195.727062696759,"B"
20606.2473195026,63.790084825696,203.023727448336,"C"
11319.8459574063,35.6497573393749,198.783060633042,"B"
13650.8841556677,41.0675025808311,203.324698052147,"C"
18338.1507857913,50.8769450119353,206.204177974767,"B"
17668.8062143655,58.9013711107502,199.620857585744,"C"
19654.8227017017,66.6497626098087,200.345777124093,"C"
17294.8135732371,59.1424333020626,199.483275112399,"A"
17103.2567831935,49.3194111777143,197.405919140568,"A"
14765.1216402878,49.4887979100747,198.508799971541,"A"
16215.4800393085,50.3809032889323,205.396873141182,"B"
13404.9458402955,42.874428271031,203.35315266457,"C"
15895.6621305218,51.8114406356709,199.670739898141,"B"
14286.5873441534,38.8003490807177,197.266243398343,"C"
16337.5850337528,50.1147090001498,199.524005365473,"B"
16561.5749802565,52.6969158643094,203.539129381506,"C"
16415.6031869701,60.5069577580758,198.913503153769,"B"
14411.2900283851,45.0849885982097,202.055424311039,"A"
16496.9954343221,48.0331017229739,199.171701220983,"A"
17297.5164951428,48.7851864138948,204.406547747112,"C"
16564.1238583806,50.3382296137243,206.097400161772,"C"
11978.4825476463,41.3978016933582,207.31242791686,"A"
16415.5494281513,55.2703193648146,194.147015137722,"C"
13164.3139415261,40.0666112057025,197.965434291011,"A"
13831.7018196607,48.1079474060404,193.678467183004,"C"
10951.3188013688,45.2533993332571,199.644635112204,"A"
18389.6617143574,57.335287685408,197.53636527547,"C"
16226.7423327638,53.2340466441536,197.92840821015,"B"
12364.45549467,46.8080812836776,195.160503160808,"C"
14686.1151676642,50.8949119478898,202.369646795793,"C"
13936.7424454856,43.6031964808379,196.983030702864,"C"
14108.8634725468,48.9322250266939,200.243432021348,"A"
14554.4220490445,39.5192177423426,206.3639948123,"B"
11197.0091405483,45.5555869560656,200.066575164312,"B"
15655.1730016293,50.198634526138,204.836047604225,"C"
17757.1670240868,49.3303128489947,196.771572662656,"C"
12055.2287134815,41.0916494048632,201.001648740544,"C"
16206.3949937643,49.3778407872006,207.837669374307,"B"
13720.0413671637,43.2172817558606,201.098944498897,"C"
15987.9242357308,48.188149439452,204.470289158514,"C"
15001.3788079878,53.1337875561426,197.513841765422,"B"
12714.842381341,35.7433619545384,196.462544664287,"B"
12276.7615688714,38.8229413431316,206.269266976855,"C"
14321.822464721,54.7211250205918,196.777036449963,"B"
15715.1850544193,49.5588924192439,201.869774875991,"B"
11846.5552569107,42.5339709498422,207.849341005687,"A"
19530.9137764165,58.7623408804287,202.555789167414,"B"
15058.8978839597,59.472774731192,193.067012098218,"C"
13214.849359797,50.3180298102588,198.482225448961,"A"
17186.9387361486,50.7441669025866,194.963904458397,"C"
12532.2449178881,43.6541240533205,197.456483273638,"C"
16540.0776673314,52.0843504728405,194.832804383059,"B"
19406.1952125171,63.0527500259183,195.271706496266,"B"
14314.3331537434,52.1936153915371,193.996329574614,"A"
15938.7446774689,49.9363858241496,202.264437339947,"A"
18459.4347772877,55.0565234837546,199.087375697508,"B"
16878.3646001145,62.0304602756386,197.835385132076,"B"
12199.2656495368,36.9471078870394,201.52031192497,"A"
14305.1357958651,56.7269473132924,199.370443843787,"C"
14784.6485165598,48.2203874075354,196.414808876688,"B"
11731.2832816514,49.2911643597017,194.635062003175,"B"
12776.6828241988,39.1933352522771,197.100663796594,"B"
18737.3672524414,53.9508294530635,213.619021638564,"A"
14622.3706770608,53.6892012772957,198.750478200189,"A"
15124.4580078973,49.4065012891122,201.841575812925,"A"
14432.9847056758,55.1222756409356,204.272425145845,"C"
14159.8877499134,46.9532230330534,200.961353023171,"A"
15667.0678655443,47.2969218346578,205.513023394237,"B"
20932.9469556194,64.0158179063574,200.114661678997,"B"
17171.7111879843,49.1200539511342,207.670823180009,"C"
18885.095296667,55.0628386737198,204.440540077552,"C"
20060.6251667408,61.4234433335243,198.24383681017,"C"
16153.9055504687,45.3629658939887,201.598093907094,"B"
19075.7814499836,56.6575611952982,198.207555741651,"A"
16225.6420550237,46.5413905400595,207.254682847551,"C"
14419.6279013246,46.229336974786,201.814679903193,"A"
12573.8854882734,44.6834043850747,198.051934070954,"A"
14012.3662159428,42.2829205767268,206.26535526721,"A"
15947.0007898363,49.5340199571587,199.441613581429,"B"
14582.1635007228,49.8429972597831,190.348745391779,"A"
16069.9820783217,54.6527073099757,207.072051468628,"B"
14040.3844383285,42.8804952489494,197.8439718049,"A"
13914.4158436991,45.4592421065384,196.737598033731,"A"
16368.4985059984,47.6452363521133,203.056737832146,"C"
16228.8417910546,49.571842328157,204.255909365672,"A"
17335.067694927,52.6630845777088,197.474084638474,"B"
11349.9323513616,32.4742149399258,198.928067516495,"A"
17755.804522718,58.6416434168631,210.59714508829,"B"
16350.6100669682,52.1000902132295,201.210785732567,"C"
15310.5062945076,49.5739050692093,196.462336292725,"B"
16311.3710272485,52.6291824698434,198.900607301734,"B"
12681.067089055,39.0026002324777,198.029064947242,"B"
16412.5169845639,53.7789298183084,195.189010259663,"C"
12655.6317028982,41.6162147997572,200.560787276547,"B"
14630.1074485983,47.426278411466,199.768308104207,"B"
20382.1158963585,61.173362404787,200.429408486998,"B"
12097.2405642873,45.0654964401134,197.233132440561,"B"
23099.4471386239,67.7329075756978,204.977820539744,"A"
19657.252866783,57.9904746294928,199.840464550708,"C"
13522.3368834822,49.1260763620318,192.728877138875,"B"
14590.1789444142,49.0945883671855,190.914993149004,"B"
15552.0483614597,48.8393082739548,198.749857093136,"C"
13426.7129867482,45.1904857744882,199.148863098357,"B"
18807.1817279402,54.7774429244637,203.954471121866,"B"
15019.0699235875,50.9347362929228,195.527345840759,"C"
16133.8759372725,55.6583124860384,200.471522639365,"B"
13573.1707512885,45.6747988722058,200.677581681968,"A"
12665.8468025522,37.027615323363,204.489616906602,"B"
14861.7247887596,51.1130279807266,198.674419248336,"B"
14285.3010402741,49.2357985014072,190.223041074314,"A"
14123.3305444964,45.2055961217125,200.707806304575,"B"
14704.8250355854,48.2752313416415,196.292947163843,"C"
15467.4893371387,54.8828661049773,196.222227164535,"A"
18504.0563038265,62.3841465434693,197.935182292441,"B"
15176.3778407342,47.703205753169,200.569317202991,"B"
16264.3625737455,50.4182552871209,203.396294181485,"A"
9798.65075580741,34.1102523559398,199.291559664974,"A"
16290.554856768,48.4181664694054,203.946226399662,"B"
10586.0042195375,41.1307981515287,198.744032816236,"A"
15613.3052939693,51.9881760110947,204.668060156401,"A"
18616.2472005404,56.5874271689745,201.112607237876,"B"
17194.2541967864,55.3762466600832,194.738549673348,"C"
16003.5647229343,53.4112028119125,209.398037632383,"A"
12574.447173647,36.568976782192,200.848600921453,"B"
16518.8561883559,51.6521129173938,205.271652226929,"B"
13832.9404453532,48.7629255542008,199.241896502017,"C"
18232.9140173007,50.3965824402653,201.255583742424,"C"
13288.6169083443,40.9660535172681,201.421907598992,"B"
15909.205222209,47.9196266452045,198.160070816111,"B"
15668.931057545,50.5356333953489,197.670803597702,"B"
14058.0050880132,42.7318024382716,194.249487099036,"B"
12773.2872499693,44.9663900691236,197.971602897038,"A"
15143.322822322,46.5732800652906,198.209066640241,"B"
13749.1831650113,52.5200000365419,198.582074277908,"C"
15140.9860264737,49.7132416221149,201.724600994716,"A"
17517.8361960924,53.9443698752975,201.891234887815,"B"
16346.1564527398,48.73199917634,196.21047609552,"C"
13188.8846458843,41.3987804520119,188.654138179784,"C"
16846.7253195011,46.0497691277381,198.882933087304,"B"
15705.7239911561,49.902076065757,207.863090643995,"C"
14955.9651175143,50.9347819624779,197.114799115126,"C"
14296.1273399646,47.099143121475,198.121871216462,"A"
17203.1990723982,56.4439257838348,197.71897829907,"A"
14767.6493950303,51.1732129538076,199.78330689203,"B"
13761.8767174528,47.6841040489066,199.50824423661,"C"
15949.689377292,51.3326874157448,198.949205403128,"B"
12338.2272599173,41.9556606667591,199.292921621973,"C"
14062.6901043671,46.44361191223,193.758557466185,"C"
12887.5490481009,48.4616357984214,205.146917385183,"A"
15538.9219876431,49.867820320832,206.12030613295,"A"
17138.0339431937,53.5318770129461,204.396411174698,"C"
13754.1671606039,46.6839034142859,200.320177623671,"A"
13524.0288020245,43.2382765646558,195.806440582364,"B"
16018.3433221207,55.2869068118148,197.515682763413,"B"
14385.94735565,49.1289117699302,195.795656666196,"B"
18438.1201308909,54.1485915749162,200.271655141979,"B"
21848.1726177187,66.8236154848551,198.368289945473,"B"
17275.5756060039,55.3432450576359,192.447646626094,"A"
18448.5307437026,53.5820259486893,198.475553387076,"A"
16077.8422135913,48.9610935538139,206.029669681927,"C"
14233.4772861347,48.4121779432239,197.278051497757,"B"
15433.8589073449,50.8211108242062,206.436455869179,"A"
16441.5670595942,46.2150293374677,206.451668346676,"A"
13237.0277305613,42.3736842779967,200.002759572755,"A"
17032.7208439337,49.3747191575112,208.237395695828,"C"
14210.767908553,50.0583425027766,199.678049847943,"B"
15835.3997796523,49.1358911795522,197.844273419987,"B"
17403.3153961248,57.1470490674533,205.116219289357,"A"
14924.6058141999,43.0709980279387,201.618204187,"A"
13183.2313291217,49.5483495329362,198.645319345962,"C"
15251.4666448185,50.5396965467134,204.203246618245,"B"
17837.3565673839,59.2566146481194,196.866298022281,"A"
15656.107978265,48.9163972026921,208.583245199428,"B"
17476.9407583148,52.9974149095794,197.070646599261,"C"
14649.4787650668,49.5158474081389,192.349002398515,"A"
19438.0797828261,53.9589994306884,202.099781156514,"B"
16698.7029005257,50.7587571049859,205.745753971736,"B"
13488.5754467422,41.2755399988212,210.382414909317,"B"
17609.0655625181,54.2123315145625,195.425679470409,"B"
18241.406563465,51.1266488677385,211.001029630068,"A"
14950.6181745121,49.9243082522853,200.01969392904,"C"
12139.5504348397,40.9970026003401,199.867211997358,"A"
11623.5898140582,39.7631696575697,199.805160456504,"C"
16759.1536849313,48.7925822614777,201.139698423163,"C"
15705.0588755428,51.8487689663035,200.301659131423,"B"
16515.0077094617,53.8223241023807,204.709707362273,"B"
23109.1630954545,66.7587911704329,196.261957814161,"A"
15629.8482110418,53.7828673851311,202.404147568892,"B"
13332.2293795599,42.9294836157994,200.236506117593,"B"
14903.9377420921,51.0426999833822,197.973304648409,"A"
18262.1114111719,55.6767631422962,196.946662202849,"B"
20134.196423746,63.9899377883432,200.409640279805,"A"
17238.1618299847,57.2888982433259,195.343632386379,"B"
13695.4627463361,41.9740405353747,199.180223692777,"A"
14885.4826032849,49.2824170213738,195.794913242815,"B"
16395.4764920745,58.3144540945212,189.312535363292,"B"
17697.8483454657,52.2743041528265,197.324657427435,"A"
10175.9381963618,27.6563738482033,201.932627374233,"A"
13813.3299006542,41.7847979006768,202.520493671349,"A"
14216.6639589731,49.7514508970921,200.524288495672,"B"
18094.007017118,50.7333484659748,204.9464516078,"B"
16789.7117352034,53.0781089989512,201.362364997153,"C"
16401.18557293,51.8570914424204,196.413365713091,"A"
14087.6750006295,48.497409751532,202.078245228163,"C"
14921.9808128581,50.022641078128,198.518974027365,"C"
16252.1152464694,55.0874587482543,201.496721639695,"B"
14758.0009693479,55.9901286734817,197.549003951228,"B"
15143.6673420444,47.3975601323696,201.714777565313,"C"
17693.5915284273,47.9116964827675,203.151321700073,"B"
16124.9592593835,49.5986226362539,199.466536763774,"B"
15123.3007115736,46.5595162871057,199.052426900613,"B"
16048.2241115168,43.1431864507318,201.753565004888,"B"
13453.5877856545,48.0805723821953,195.121882173038,"B"
18676.8626933114,49.3941228018902,202.36004447442,"B"
14926.3963186382,51.7549834075122,192.964692150153,"B"
12157.4710005625,51.9305823778663,195.692158994344,"C"
15197.8192458434,48.2531672429341,199.461030210461,"A"
17477.1460389491,56.869122488128,201.023166178557,"C"
15355.3177057532,50.4693311762762,197.856247971091,"C"
15857.9381496319,50.8759259745105,210.337079126423,"B"
12784.2839451335,46.5264976798385,184.875372426678,"C"
19053.6474673336,61.0514492971434,202.268183014059,"B"
16029.0332582628,51.6037459882237,200.034546872881,"C"
16956.7166380797,53.4528552060671,200.082660270734,"A"
15433.4100651321,48.4155633668896,186.027378177641,"C"
17838.9425569243,57.8082938081043,201.000906691475,"B"
16613.7075505608,55.1275391605464,193.907558592104,"A"
19848.7654374214,62.1858976779158,207.758644593006,"B"
12819.9305567035,46.3857805240559,197.899776633458,"B"
14446.0975337778,48.1547706120336,190.754392876781,"C"
11953.71742174,41.9790001385371,203.3025620493,"C"
14306.5566997674,46.7147006250775,202.311007946526,"A"
13790.8328817026,42.2153128116708,201.511014024406,"A"
15000.1106525533,51.0181104398779,201.08678980052,"B"
15303.3880636696,50.3676340819284,204.089535583137,"C"
15588.0631644637,50.3322139688298,203.355920303153,"B"
14711.2619142659,44.9658874511072,201.473966071328,"C"
15105.9420869251,45.5563411527377,203.934698221228,"A"
13934.7918293948,48.5623108109921,198.789504408683,"A"
14864.8399613558,50.0228517890037,196.397189504337,"A"
15088.6223264152,50.390733332894,194.559645736955,"A"
17313.2121046098,55.5639912529536,200.414538496949,"B"
16952.6253739259,54.6500746577783,200.511662995095,"A"
10338.793983205,46.3063506923766,200.254454829488,"A"
15937.1273996012,49.0751457998566,201.172929407593,"A"
16976.7287100966,59.285209255622,199.715311101296,"A"
17149.1506141456,53.4403154467277,205.947719238417,"A"
9843.06096828066,39.0135239061986,192.6740483226,"B"
15552.5524850748,49.8149671809743,202.822103598553,"A"
16412.5289568162,49.120935150961,201.369336570297,"B"
15751.0801782593,51.5818771458161,201.837058012716,"A"
18741.5176950189,58.5757300460314,201.736629570116,"A"
13333.7226436365,39.688955377858,199.693370888866,"A"
17087.3580507731,50.9456448585231,201.765942219836,"B"
14493.7718301908,50.4842662337735,200.048736362341,"B"
15781.790684816,57.4382034455832,193.383631375442,"A"
16070.2320507535,48.8933405157117,200.433667234368,"B"
19455.4105907044,64.278580593381,198.270710093913,"C"
13534.4629688602,47.2315068819998,202.262657855902,"B"
14774.180720652,49.0938532756637,204.527018959685,"B"
15639.4545693546,51.8853201109555,194.221461270979,"B"
17027.0121123863,52.642655073857,204.838019662819,"A"
18091.4260586806,51.2460589457197,201.706662829553,"C"
18050.8456580482,50.4327196434502,202.635013506627,"B"
